Компания(последняя дата покупки дивидендов);Минимальная стоимость за месяц перед последней датой;Стоимость акции в последний день;Стоимость акции на следующий день после последней даты;Максимальная стоимость за месяц после последней даты;
НЛМК (NLMK 2016-01-05);58.29p. (+4.22%) 8 рабоч.дней_перед;60.75;60.75;71.00p. (+16.87%) 21 рабоч.дней_после
Магнит (MGNT 2016-01-05);10583.50p. (+6.51%) 10 рабоч.дней_перед;11272.80;11243.00;11421.80p. (+1.32%) 16 рабоч.дней_после
ФосАгро (PHOR 2016-01-22);2665.00p. (+7.43%) 5 рабоч.дней_перед;2863.00;2775.00;2775.00p. (-3.07%) 1 рабоч.дней_после
Группа ЛСР (LSRG 2016-04-14);664.50p. (+8.05%) 23 рабоч.дней_перед;718.00;654.50;654.50p. (-8.84%) 1 рабоч.дней_после
ЦМТ, АП (WTCMP 2016-04-19);5.91p. (+18.78%) 20 рабоч.дней_перед;7.02;7.04;7.04p. (+0.28%) 1 рабоч.дней_после
ЦМТ (WTCM 2016-04-19);7.80p. (+21.79%) 12 рабоч.дней_перед;9.50;9.15;9.90p. (+4.21%) 6 рабоч.дней_после
НОВАТЭК (NVTK 2016-04-28);584.40p. (+9.19%) 14 рабоч.дней_перед;638.10;612.80;659.90p. (+3.42%) 18 рабоч.дней_после
Корпорация ВСМПО-АВИСМА (VSMO 2016-05-25);12240.00p. (+3.76%) 17 рабоч.дней_перед;12700.00;12290.00;12290.00p. (-3.23%) 1 рабоч.дней_после
Банк Санкт-Петербург (BSPB 2016-06-03);50.59p. (+10.22%) 21 рабоч.дней_перед;55.77;54.54;55.62p. (-0.27%) 4 рабоч.дней_после
ММК (MAGN 2016-06-03);22.20p. (+16.94%) 20 рабоч.дней_перед;25.96;25.34;25.62p. (-1.31%) 3 рабоч.дней_после
ФосАгро (PHOR 2016-06-09);2771.00p. (-0.40%) 5 рабоч.дней_перед;2760.00;2745.00;2788.00p. (+1.01%) 12 рабоч.дней_после
Акрон (AKRN 2016-06-09);3500.00p. (+7.29%) 16 рабоч.дней_перед;3755.00;3610.00;3630.00p. (-3.33%) 4 рабоч.дней_после
НЛМК (NLMK 2016-06-09);79.99p. (+0.65%) 1 рабоч.дней_перед;80.51;77.70;84.52p. (+4.98%) 20 рабоч.дней_после
Сбербанк, АП (SBERP 2016-06-09);82.07p. (+19.14%) 15 рабоч.дней_перед;97.78;93.75;95.61p. (-2.22%) 9 рабоч.дней_после
Сбербанк (SBER 2016-06-09);119.55p. (+16.78%) 22 рабоч.дней_перед;139.61;133.50;138.00p. (-1.15%) 9 рабоч.дней_после
Мосэнерго (MSNG 2016-06-15);1.51p. (+9.77%) 8 рабоч.дней_перед;1.66;1.63;1.68p. (+1.45%) 16 рабоч.дней_после
Магнит (MGNT 2016-06-15);8601.10p. (+3.11%) 1 рабоч.дней_перед;8868.27;8695.45;9443.33p. (+6.48%) 21 рабоч.дней_после
ГМК Норильский никель (GMKN 2016-06-17);8498.00p. (-0.59%) 1 рабоч.дней_перед;8448.00;8300.00;9300.00p. (+10.09%) 18 рабоч.дней_после
ОАО МРСК Урала (MRKU 2016-06-22);0.12p. (+14.75%) 19 рабоч.дней_перед;0.14;0.12;0.14p. (-0.71%) 22 рабоч.дней_после
МОЭСК (MSRS 2016-06-23);1.02p. (-9.20%) 18 рабоч.дней_перед;0.93;0.90;0.92p. (-0.86%) 21 рабоч.дней_после
НК Роснефть (ROSN 2016-06-23);311.35p. (+11.77%) 14 рабоч.дней_перед;348.00;333.65;339.40p. (-2.47%) 13 рабоч.дней_после
МРСК Центра (MRKC 2016-06-23);0.24p. (0.00%) 5 рабоч.дней_перед;0.24;0.24;0.25p. (+4.94%) 21 рабоч.дней_после
МРСК Волги (MRKV 2016-06-24);0.03p. (+11.13%) 6 рабоч.дней_перед;0.03;0.03;0.04p. (+24.28%) 20 рабоч.дней_после
М.видео (MVID 2016-06-29);291.40p. (+12.15%) 19 рабоч.дней_перед;326.80;301.70;329.00p. (+0.67%) 21 рабоч.дней_после
Юнипро (UPRO 2016-06-30);2.53p. (+8.74%) 21 рабоч.дней_перед;2.75;2.60;3.00p. (+9.13%) 21 рабоч.дней_после
Северсталь (CHMF 2016-07-01);640.60p. (+9.13%) 11 рабоч.дней_перед;699.10;684.10;793.20p. (+13.46%) 20 рабоч.дней_после
МТС (MTSS 2016-07-01);234.50p. (+4.50%) 4 рабоч.дней_перед;245.05;235.45;252.00p. (+2.84%) 20 рабоч.дней_после
ТГК-1 (TGKA 2016-07-05);0.00p. (+5.70%) 7 рабоч.дней_перед;0.01;0.00;0.01p. (+41.43%) 22 рабоч.дней_после
РусГидро (HYDR 2016-07-06);0.57p. (+7.66%) 13 рабоч.дней_перед;0.62;0.60;0.72p. (+17.03%) 16 рабоч.дней_после
Ростелеком, АП (RTKMP 2016-07-06);69.30p. (+4.62%) 12 рабоч.дней_перед;72.50;68.00;68.00p. (-6.21%) 1 рабоч.дней_после
Ростелеком (RTKM 2016-07-06);91.50p. (+0.56%) 3 рабоч.дней_перед;92.01;88.49;88.49p. (-3.83%) 1 рабоч.дней_после
Татнефть им. В.Д. Шашина (TATN 2016-07-06);316.00p. (+1.63%) 7 рабоч.дней_перед;321.15;314.35;328.50p. (+2.29%) 22 рабоч.дней_после
Татнефть им. В.Д. Шашина, АП (TATNP 2016-07-06);172.10p. (+2.96%) 14 рабоч.дней_перед;177.20;170.70;171.90p. (-2.99%) 22 рабоч.дней_после
Мечел, АП (MTLRP 2016-07-07);34.46p. (+5.28%) 8 рабоч.дней_перед;36.28;35.89;38.31p. (+5.60%) 15 рабоч.дней_после
МОСТОТРЕСТ (MSTT 2016-07-07);91.70p. (+6.11%) 19 рабоч.дней_перед;97.30;88.30;89.60p. (-7.91%) 13 рабоч.дней_после
ФСК ЕЭС (FEES 2016-07-07);0.12p. (+34.73%) 19 рабоч.дней_перед;0.16;0.16;0.16p. (-0.24%) 17 рабоч.дней_после
ЛУКОЙЛ (LKOH 2016-07-08);2624.00p. (+6.25%) 16 рабоч.дней_перед;2788.00;2752.00;2887.00p. (+3.55%) 14 рабоч.дней_после
ГК ТНС энерго (TNSE 2016-07-11);1635.00p. (+22.32%) 5 рабоч.дней_перед;2000.00;1840.00;1850.00p. (-7.50%) 13 рабоч.дней_после
АФК Система (AFKS 2016-07-12);19.64p. (+10.82%) 10 рабоч.дней_перед;21.76;21.41;23.45p. (+7.74%) 12 рабоч.дней_после
Сургутнефтегаз, АП (SNGSP 2016-07-14);38.10p. (+8.66%) 21 рабоч.дней_перед;41.40;36.00;36.00p. (-13.04%) 1 рабоч.дней_после
Сургутнефтегаз (SNGS 2016-07-14);31.95p. (+3.16%) 5 рабоч.дней_перед;32.96;32.95;32.95p. (-0.03%) 1 рабоч.дней_после
Россети, АП (RSTIP 2016-07-15);0.88p. (+49.26%) 22 рабоч.дней_перед;1.31;1.29;1.86p. (+41.94%) 20 рабоч.дней_после
Россети (RSTI 2016-07-15);0.60p. (+16.01%) 22 рабоч.дней_перед;0.69;0.71;0.92p. (+33.70%) 19 рабоч.дней_после
АК АЛРОСА (ALRS 2016-07-15);67.55p. (+4.37%) 5 рабоч.дней_перед;70.50;69.00;74.20p. (+5.25%) 16 рабоч.дней_после
Транснефть, АП (TRNFP 2016-07-18);155300.00p. (+3.93%) 6 рабоч.дней_перед;161400.00;158300.00;167000.00p. (+3.47%) 10 рабоч.дней_после
Газпром (GAZP 2016-07-18);138.52p. (+5.28%) 15 рабоч.дней_перед;145.84;139.48;140.70p. (-3.52%) 5 рабоч.дней_после
ФосАгро (PHOR 2016-08-08);2517.00p. (+8.10%) 17 рабоч.дней_перед;2721.00;2670.00;2670.00p. (-1.87%) 1 рабоч.дней_после
Акрон (AKRN 2016-09-16);3510.00p. (+7.41%) 22 рабоч.дней_перед;3770.00;3580.00;3580.00p. (-5.04%) 1 рабоч.дней_после
Магнит (MGNT 2016-09-21);10097.80p. (+4.73%) 4 рабоч.дней_перед;10575.60;10627.20;10715.60p. (+1.32%) 3 рабоч.дней_после
Корпорация ВСМПО-АВИСМА (VSMO 2016-09-29);12960.00p. (+10.80%) 23 рабоч.дней_перед;14360.00;13250.00;13470.00p. (-6.20%) 2 рабоч.дней_после
АФК Система (AFKS 2016-10-05);20.16p. (+3.17%) 13 рабоч.дней_перед;20.80;20.39;20.67p. (-0.62%) 11 рабоч.дней_после
ТМК (TRMK 2016-10-06);53.85p. (+14.30%) 22 рабоч.дней_перед;61.55;60.90;68.90p. (+11.94%) 17 рабоч.дней_после
НОВАТЭК (NVTK 2016-10-07);639.10p. (+5.48%) 13 рабоч.дней_перед;674.10;674.50;681.30p. (+1.07%) 2 рабоч.дней_после
ММК (MAGN 2016-10-07);28.56p. (+3.45%) 5 рабоч.дней_перед;29.55;29.00;32.01p. (+8.34%) 17 рабоч.дней_после
НЛМК (NLMK 2016-10-10);81.79p. (+7.41%) 15 рабоч.дней_перед;87.85;85.86;112.66p. (+28.24%) 22 рабоч.дней_после
ФосАгро (PHOR 2016-10-12);2421.00p. (+1.03%) 3 рабоч.дней_перед;2446.00;2429.00;2429.00p. (-0.70%) 1 рабоч.дней_после
МТС (MTSS 2016-10-12);227.50p. (+2.15%) 8 рабоч.дней_перед;232.40;221.75;224.30p. (-3.49%) 20 рабоч.дней_после
Северсталь (CHMF 2016-12-09);878.00p. (+14.58%) 22 рабоч.дней_перед;1006.00;968.90;978.00p. (-2.78%) 2 рабоч.дней_после
Юнипро (UPRO 2016-12-15);2.74p. (+8.39%) 22 рабоч.дней_перед;2.97;2.86;3.00p. (+0.91%) 18 рабоч.дней_после
ЛУКОЙЛ (LKOH 2016-12-21);3112.00p. (+10.51%) 21 рабоч.дней_перед;3439.00;3368.00;3575.00p. (+3.95%) 8 рабоч.дней_после
Магнит (MGNT 2016-12-21);10220.00p. (+4.47%) 16 рабоч.дней_перед;10676.90;10340.20;11269.80p. (+5.55%) 8 рабоч.дней_после
НЛМК (NLMK 2017-01-05);109.42p. (+6.01%) 17 рабоч.дней_перед;116.00;112.14;120.09p. (+3.53%) 19 рабоч.дней_после
ФосАгро (PHOR 2017-01-25);2540.00p. (+10.98%) 19 рабоч.дней_перед;2819.00;2799.00;2892.00p. (+2.59%) 6 рабоч.дней_после
НОВАТЭК (NVTK 2017-04-27);678.80p. (+2.70%) 6 рабоч.дней_перед;697.10;695.40;696.00p. (-0.16%) 5 рабоч.дней_после
Банк ВТБ (VTBR 2017-05-04);0.06p. (+4.84%) 10 рабоч.дней_перед;0.07;0.07;0.07p. (+0.16%) 11 рабоч.дней_после
Московская Биржа (MOEX 2017-05-12);104.35p. (+10.54%) 17 рабоч.дней_перед;115.35;108.90;108.90p. (-5.59%) 1 рабоч.дней_после
Банк Санкт-Петербург (BSPB 2017-05-29);58.77p. (+2.26%) 4 рабоч.дней_перед;60.10;59.17;60.30p. (+0.33%) 2 рабоч.дней_после
Корпорация ВСМПО-АВИСМА (VSMO 2017-06-01);15480.00p. (+2.58%) 12 рабоч.дней_перед;15880.00;14310.00;14940.00p. (-5.92%) 20 рабоч.дней_после
ММК (MAGN 2017-06-02);30.60p. (+0.98%) 1 рабоч.дней_перед;30.90;29.81;33.51p. (+8.43%) 18 рабоч.дней_после
ФосАгро (PHOR 2017-06-08);2264.00p. (-0.18%) 2 рабоч.дней_перед;2260.00;2260.00;2379.00p. (+5.27%) 20 рабоч.дней_после
НЛМК (NLMK 2017-06-09);103.80p. (+5.19%) 20 рабоч.дней_перед;109.19;104.89;121.00p. (+10.82%) 18 рабоч.дней_после
Мосэнерго (MSNG 2017-06-09);2.24p. (+3.68%) 16 рабоч.дней_перед;2.33;2.36;2.36p. (+1.27%) 1 рабоч.дней_после
Сбербанк, АП (SBERP 2017-06-09);122.40p. (-0.12%) 1 рабоч.дней_перед;122.25;116.55;125.50p. (+2.66%) 19 рабоч.дней_после
Сбербанк (SBER 2017-06-09);151.93p. (-1.18%) 1 рабоч.дней_перед;150.13;146.00;152.16p. (+1.35%) 19 рабоч.дней_после
МРСК Центра и Приволжья (MRKP 2017-06-14);0.15p. (+18.30%) 16 рабоч.дней_перед;0.18;0.17;0.19p. (+7.93%) 18 рабоч.дней_после
Группа ЛСР (LSRG 2017-06-16);870.00p. (+1.49%) 1 рабоч.дней_перед;883.00;796.00;869.00p. (-1.59%) 15 рабоч.дней_после
ОАО МРСК Урала (MRKU 2017-06-16);0.13p. (+11.94%) 22 рабоч.дней_перед;0.15;0.15;0.15p. (+0.67%) 8 рабоч.дней_после
ТМК (TRMK 2017-06-16);74.27p. (+0.94%) 21 рабоч.дней_перед;74.97;74.30;77.66p. (+3.59%) 7 рабоч.дней_после
ОГК-2 (OGKB 2017-06-16);0.34p. (+11.98%) 18 рабоч.дней_перед;0.38;0.38;0.48p. (+25.56%) 18 рабоч.дней_после
Северсталь (CHMF 2017-06-16);689.50p. (+3.99%) 2 рабоч.дней_перед;717.00;684.20;843.90p. (+17.70%) 18 рабоч.дней_после
МРСК Центра (MRKC 2017-06-19);0.43p. (+10.74%) 17 рабоч.дней_перед;0.48;0.43;0.45p. (-5.42%) 22 рабоч.дней_после
МОЭСК (MSRS 2017-06-19);0.82p. (+0.73%) 1 рабоч.дней_перед;0.83;0.80;0.85p. (+2.18%) 19 рабоч.дней_после
Магнит (MGNT 2017-06-21);8814.64p. (+7.03%) 12 рабоч.дней_перед;9434.39;9272.50;9653.89p. (+2.33%) 17 рабоч.дней_после
ГМК Норильский никель (GMKN 2017-06-21);7791.00p. (+6.40%) 13 рабоч.дней_перед;8290.00;7850.00;8693.00p. (+4.86%) 20 рабоч.дней_после
МРСК Волги (MRKV 2017-06-22);0.07p. (+6.34%) 22 рабоч.дней_перед;0.07;0.07;0.08p. (+13.40%) 20 рабоч.дней_после
МРСК Северо-Запада (MRKZ 2017-06-22);0.04p. (+1.54%) 4 рабоч.дней_перед;0.04;0.04;0.05p. (+26.33%) 21 рабоч.дней_после
Энел Россия (ENRU 2017-06-26);1.03p. (+11.33%) 20 рабоч.дней_перед;1.15;1.11;1.26p. (+9.48%) 22 рабоч.дней_после
НК Роснефть (ROSN 2017-06-29);301.00p. (+10.63%) 18 рабоч.дней_перед;333.00;323.00;332.40p. (-0.18%) 3 рабоч.дней_после
Юнипро (UPRO 2017-06-30);2.50p. (+0.28%) 6 рабоч.дней_перед;2.51;2.42;2.47p. (-1.40%) 13 рабоч.дней_после
ЦМТ, АП (WTCMP 2017-07-03);6.08p. (+7.73%) 19 рабоч.дней_перед;6.55;5.78;6.20p. (-5.34%) 23 рабоч.дней_после
ЦМТ (WTCM 2017-07-03);7.80p. (+6.41%) 12 рабоч.дней_перед;8.30;8.00;8.35p. (+0.60%) 11 рабоч.дней_после
Татнефть им. В.Д. Шашина (TATN 2017-07-05);350.10p. (+10.97%) 13 рабоч.дней_перед;388.50;370.95;392.60p. (+1.06%) 21 рабоч.дней_после
Татнефть им. В.Д. Шашина, АП (TATNP 2017-07-05);260.00p. (+10.77%) 14 рабоч.дней_перед;288.00;269.00;272.70p. (-5.31%) 10 рабоч.дней_после
Ростелеком, АП (RTKMP 2017-07-05);54.10p. (+8.04%) 14 рабоч.дней_перед;58.45;53.80;53.80p. (-7.96%) 1 рабоч.дней_после
Ростелеком (RTKM 2017-07-05);69.31p. (+3.71%) 14 рабоч.дней_перед;71.88;67.52;67.52p. (-6.07%) 1 рабоч.дней_после
ТГК-1 (TGKA 2017-07-05);0.01p. (+10.48%) 14 рабоч.дней_перед;0.01;0.01;0.01p. (+5.78%) 6 рабоч.дней_после
РусГидро (HYDR 2017-07-06);0.75p. (+9.79%) 11 рабоч.дней_перед;0.82;0.78;0.81p. (-1.59%) 3 рабоч.дней_после
ЛУКОЙЛ (LKOH 2017-07-06);2685.00p. (+11.17%) 14 рабоч.дней_перед;2985.00;2856.00;2938.00p. (-1.57%) 19 рабоч.дней_после
МТС (MTSS 2017-07-06);232.00p. (+2.39%) 7 рабоч.дней_перед;237.55;224.05;243.30p. (+2.42%) 20 рабоч.дней_после
Мечел, АП (MTLRP 2017-07-07);100.30p. (+21.73%) 15 рабоч.дней_перед;122.10;116.40;117.05p. (-4.14%) 2 рабоч.дней_после
Акрон (AKRN 2017-07-07);2917.00p. (+11.42%) 16 рабоч.дней_перед;3250.00;3176.00;3325.00p. (+2.31%) 16 рабоч.дней_после
КАМАЗ (KMAZ 2017-07-10);49.90p. (+3.21%) 16 рабоч.дней_перед;51.50;51.45;54.05p. (+4.95%) 21 рабоч.дней_после
Аэрофлот (AFLT 2017-07-12);174.65p. (+28.83%) 18 рабоч.дней_перед;225.00;211.50;214.70p. (-4.58%) 6 рабоч.дней_после
ФосАгро (PHOR 2017-07-13);2169.00p. (+8.85%) 21 рабоч.дней_перед;2361.00;2341.00;2424.00p. (+2.67%) 21 рабоч.дней_после
Полюс (PLZL 2017-07-13);3907.65p. (+3.87%) 6 рабоч.дней_перед;4059.00;3925.81;4300.00p. (+5.94%) 21 рабоч.дней_после
Детский мир (DSKY 2017-07-13);89.40p. (+2.68%) 6 рабоч.дней_перед;91.80;90.00;92.00p. (+0.22%) 19 рабоч.дней_после
МОСТОТРЕСТ (MSTT 2017-07-14);103.30p. (+11.33%) 20 рабоч.дней_перед;115.00;105.50;120.20p. (+4.52%) 21 рабоч.дней_после
ФСК ЕЭС (FEES 2017-07-17);0.15p. (+14.76%) 20 рабоч.дней_перед;0.18;0.17;0.17p. (-1.61%) 16 рабоч.дней_после
Россети, АП (RSTIP 2017-07-17);1.99p. (+17.35%) 20 рабоч.дней_перед;2.34;1.96;1.96p. (-16.45%) 1 рабоч.дней_после
Россети (RSTI 2017-07-17);0.74p. (+14.29%) 20 рабоч.дней_перед;0.85;0.85;0.93p. (+9.85%) 21 рабоч.дней_после
Сургутнефтегаз (SNGS 2017-07-17);24.85p. (+8.05%) 20 рабоч.дней_перед;26.85;26.41;27.62p. (+2.87%) 13 рабоч.дней_после
Сургутнефтегаз, АП (SNGSP 2017-07-17);27.80p. (+4.10%) 20 рабоч.дней_перед;28.93;28.64;29.80p. (+2.97%) 17 рабоч.дней_после
Транснефть, АП (TRNFP 2017-07-18);157500.00p. (+12.06%) 11 рабоч.дней_перед;176500.00;175700.00;180500.00p. (+2.27%) 9 рабоч.дней_после
Газпром (GAZP 2017-07-18);117.33p. (+6.10%) 21 рабоч.дней_перед;124.49;120.11;120.60p. (-3.12%) 2 рабоч.дней_после
АК АЛРОСА (ALRS 2017-07-18);81.64p. (+17.59%) 19 рабоч.дней_перед;96.00;89.34;89.34p. (-6.94%) 1 рабоч.дней_после
Магнит (MGNT 2017-09-13);9271.51p. (+14.62%) 18 рабоч.дней_перед;10627.20;10363.00;10393.80p. (-2.20%) 5 рабоч.дней_после
Полюс (PLZL 2017-09-21);4300.00p. (+6.98%) 23 рабоч.дней_перед;4600.00;4450.00;4785.00p. (+4.02%) 19 рабоч.дней_после
Акрон (AKRN 2017-09-22);3496.00p. (+4.61%) 21 рабоч.дней_перед;3657.00;3450.00;3569.00p. (-2.41%) 18 рабоч.дней_после
Северсталь (CHMF 2017-09-22);859.30p. (+2.68%) 21 рабоч.дней_перед;882.30;875.90;914.90p. (+3.69%) 13 рабоч.дней_после
Московская Биржа (MOEX 2017-09-27);104.84p. (+11.69%) 21 рабоч.дней_перед;117.10;114.94;121.71p. (+3.94%) 13 рабоч.дней_после
НОВАТЭК (NVTK 2017-10-06);599.80p. (+12.89%) 22 рабоч.дней_перед;677.10;666.10;681.60p. (+0.66%) 3 рабоч.дней_после
ММК (MAGN 2017-10-06);40.89p. (+9.09%) 22 рабоч.дней_перед;44.60;44.17;46.47p. (+4.19%) 6 рабоч.дней_после
НК Роснефть (ROSN 2017-10-06);303.00p. (+5.81%) 22 рабоч.дней_перед;320.60;319.10;328.00p. (+2.31%) 7 рабоч.дней_после
НЛМК (NLMK 2017-10-10);127.50p. (+7.76%) 13 рабоч.дней_перед;137.40;135.89;137.15p. (-0.18%) 10 рабоч.дней_после
ФосАгро (PHOR 2017-10-11);2270.00p. (+4.76%) 22 рабоч.дней_перед;2378.00;2356.00;2454.00p. (+3.20%) 18 рабоч.дней_после
МТС (MTSS 2017-10-11);277.55p. (+5.19%) 12 рабоч.дней_перед;291.95;282.50;292.95p. (+0.34%) 21 рабоч.дней_после
Корпорация ВСМПО-АВИСМА (VSMO 2017-10-17);16130.00p. (+11.41%) 14 рабоч.дней_перед;17970.00;17250.00;17400.00p. (-3.17%) 19 рабоч.дней_после
ГМК Норильский никель (GMKN 2017-10-17);9547.00p. (+12.39%) 21 рабоч.дней_перед;10730.00;10756.00;11610.00p. (+8.20%) 14 рабоч.дней_после
Северсталь (CHMF 2017-12-01);884.40p. (+3.18%) 15 рабоч.дней_перед;912.50;875.50;901.40p. (-1.22%) 10 рабоч.дней_после
АФК Система (AFKS 2017-12-06);10.66p. (+12.42%) 4 рабоч.дней_перед;11.99;10.20;13.75p. (+14.68%) 13 рабоч.дней_после
Детский мир (DSKY 2017-12-13);92.55p. (+2.32%) 1 рабоч.дней_перед;94.70;92.00;99.85p. (+5.44%) 19 рабоч.дней_после
Юнипро (UPRO 2017-12-14);2.57p. (+3.11%) 4 рабоч.дней_перед;2.65;2.59;2.61p. (-1.51%) 2 рабоч.дней_после
ММК (MAGN 2017-12-15);43.93p. (+0.39%) 11 рабоч.дней_перед;44.10;42.57;45.74p. (+3.72%) 18 рабоч.дней_после
МОСТОТРЕСТ (MSTT 2017-12-15);154.60p. (+5.95%) 7 рабоч.дней_перед;163.80;157.00;157.00p. (-4.15%) 1 рабоч.дней_после
ЛУКОЙЛ (LKOH 2017-12-20);3281.00p. (+2.80%) 22 рабоч.дней_перед;3373.00;3332.50;3908.00p. (+15.86%) 14 рабоч.дней_после
Татнефть им. В.Д. Шашина (TATN 2017-12-21);456.70p. (+3.34%) 15 рабоч.дней_перед;471.95;481.60;560.00p. (+18.66%) 17 рабоч.дней_после
Татнефть им. В.Д. Шашина, АП (TATNP 2017-12-21);341.80p. (+7.64%) 16 рабоч.дней_перед;367.90;368.00;417.50p. (+13.48%) 17 рабоч.дней_после
САФМАР Финансовые инвестиции (SFIN 2017-12-22);619.50p. (+23.97%) 16 рабоч.дней_перед;768.00;785.00;789.00p. (+2.73%) 7 рабоч.дней_после
НЛМК (NLMK 2018-01-04);133.96p. (+14.21%) 20 рабоч.дней_перед;153.00;146.46;157.14p. (+2.71%) 11 рабоч.дней_после
Акрон (AKRN 2018-01-19);3811.00p. (+9.68%) 14 рабоч.дней_перед;4180.00;4070.00;4303.00p. (+2.94%) 15 рабоч.дней_после
ФосАгро (PHOR 2018-03-07);2355.00p. (+5.77%) 18 рабоч.дней_перед;2491.00;2447.00;2447.00p. (-1.77%) 1 рабоч.дней_после
ЦМТ, АП (WTCMP 2018-04-30);6.00p. (+17.17%) 17 рабоч.дней_перед;7.03;6.67;7.00p. (-0.43%) 16 рабоч.дней_после
ЦМТ (WTCM 2018-04-30);7.80p. (+7.05%) 10 рабоч.дней_перед;8.35;8.05;8.05p. (-3.59%) 1 рабоч.дней_после
НОВАТЭК (NVTK 2018-04-30);709.60p. (+8.51%) 15 рабоч.дней_перед;770.00;758.20;828.00p. (+7.53%) 19 рабоч.дней_после
Московская Биржа (MOEX 2018-05-11);111.94p. (+9.15%) 20 рабоч.дней_перед;122.18;119.15;119.15p. (-2.48%) 1 рабоч.дней_после
Детский мир (DSKY 2018-05-25);90.25p. (+6.93%) 20 рабоч.дней_перед;96.50;93.10;95.00p. (-1.55%) 4 рабоч.дней_после
Интер РАО (IRAO 2018-05-30);3.83p. (+5.62%) 17 рабоч.дней_перед;4.05;4.08;4.21p. (+3.93%) 4 рабоч.дней_после
Банк ВТБ (VTBR 2018-05-31);0.05p. (-2.39%) 4 рабоч.дней_перед;0.05;0.05;0.05p. (-3.77%) 20 рабоч.дней_после
Банк Санкт-Петербург (BSPB 2018-05-31);50.70p. (-0.20%) 20 рабоч.дней_перед;50.60;50.70;51.25p. (+1.28%) 2 рабоч.дней_после
Корпорация ВСМПО-АВИСМА (VSMO 2018-06-04);17100.00p. (+3.16%) 17 рабоч.дней_перед;17640.00;17060.00;17060.00p. (-3.29%) 1 рабоч.дней_после
САФМАР Финансовые инвестиции (SFIN 2018-06-06);685.00p. (+2.48%) 21 рабоч.дней_перед;702.00;679.00;755.00p. (+7.55%) 6 рабоч.дней_после
Полюс (PLZL 2018-06-08);3700.00p. (+3.03%) 16 рабоч.дней_перед;3812.00;3830.00;4206.00p. (+10.34%) 14 рабоч.дней_после
МРСК Центра и Приволжья (MRKP 2018-06-09);0.34p. (-9.22%) 9 рабоч.дней_перед;0.31;0.31;0.31p. (-1.13%) 1 рабоч.дней_после
ФосАгро (PHOR 2018-06-09);2300.00p. (+0.65%) 1 рабоч.дней_перед;2315.00;2322.00;2361.00p. (+1.99%) 19 рабоч.дней_после
ММК (MAGN 2018-06-09);44.10p. (+10.20%) 18 рабоч.дней_перед;48.60;48.23;48.24p. (-0.75%) 3 рабоч.дней_после
МРСК Волги (MRKV 2018-06-09);0.12p. (-1.49%) 11 рабоч.дней_перед;0.12;0.12;0.12p. (-0.33%) 1 рабоч.дней_после
МРСК Центра (MRKC 2018-06-09);0.34p. (+0.73%) 8 рабоч.дней_перед;0.34;0.35;0.35p. (+1.74%) 1 рабоч.дней_после
ОАО МРСК Урала (MRKU 2018-06-09);0.21p. (-3.09%) 9 рабоч.дней_перед;0.20;0.20;0.20p. (-0.25%) 1 рабоч.дней_после
Акрон (AKRN 2018-06-11);4275.00p. (+3.46%) 11 рабоч.дней_перед;4423.00;4265.00;4383.00p. (-0.90%) 18 рабоч.дней_после
Мосэнерго (MSNG 2018-06-14);2.45p. (+4.38%) 3 рабоч.дней_перед;2.56;2.42;2.42p. (-5.27%) 1 рабоч.дней_после
МОЭСК (MSRS 2018-06-14);0.71p. (+1.97%) 9 рабоч.дней_перед;0.72;0.70;0.70p. (-3.32%) 1 рабоч.дней_после
МРСК Сибири (MRKS 2018-06-15);0.10p. (+3.35%) 20 рабоч.дней_перед;0.11;0.10;0.11p. (+0.93%) 14 рабоч.дней_после
Северсталь (CHMF 2018-06-15);978.30p. (+6.25%) 16 рабоч.дней_перед;1039.40;964.60;967.90p. (-6.88%) 16 рабоч.дней_после
НЛМК (NLMK 2018-06-18);159.50p. (+4.89%) 17 рабоч.дней_перед;167.30;153.68;161.10p. (-3.71%) 22 рабоч.дней_после
Энел Россия (ENRU 2018-06-20);1.42p. (+2.46%) 13 рабоч.дней_перед;1.46;1.29;1.31p. (-10.24%) 2 рабоч.дней_после
ТГК-1 (TGKA 2018-06-21);0.01p. (+0.63%) 2 рабоч.дней_перед;0.01;0.01;0.01p. (-2.59%) 17 рабоч.дней_после
Сбербанк, АП (SBERP 2018-06-22);183.50p. (+3.95%) 3 рабоч.дней_перед;190.75;179.90;195.01p. (+2.23%) 12 рабоч.дней_после
Сбербанк (SBER 2018-06-22);206.00p. (+4.12%) 3 рабоч.дней_перед;214.48;202.51;230.75p. (+7.59%) 11 рабоч.дней_после
НК Роснефть (ROSN 2018-06-28);379.55p. (+4.12%) 22 рабоч.дней_перед;395.20;396.15;413.65p. (+4.67%) 8 рабоч.дней_после
ТМК (TRMK 2018-06-28);77.20p. (+0.78%) 2 рабоч.дней_перед;77.80;76.15;76.25p. (-1.99%) 2 рабоч.дней_после
МОСТОТРЕСТ (MSTT 2018-06-29);107.40p. (-0.37%) 2 рабоч.дней_перед;107.00;105.50;115.10p. (+7.57%) 20 рабоч.дней_после
Юнипро (UPRO 2018-06-29);2.76p. (+5.36%) 10 рабоч.дней_перед;2.91;2.81;2.90p. (-0.24%) 9 рабоч.дней_после
Аэрофлот (AFLT 2018-07-04);137.10p. (+2.12%) 21 рабоч.дней_перед;140.00;129.20;129.55p. (-7.46%) 2 рабоч.дней_после
Магнит (MGNT 2018-07-04);4550.00p. (+1.76%) 7 рабоч.дней_перед;4630.00;4528.00;4550.00p. (-1.73%) 2 рабоч.дней_после
Татнефть им. В.Д. Шашина (TATN 2018-07-04);641.00p. (+6.73%) 12 рабоч.дней_перед;684.15;686.00;730.00p. (+6.70%) 22 рабоч.дней_после
Татнефть им. В.Д. Шашина, АП (TATNP 2018-07-04);455.90p. (+0.55%) 19 рабоч.дней_перед;458.40;454.50;494.10p. (+7.79%) 22 рабоч.дней_после
РусГидро (HYDR 2018-07-05);0.67p. (+2.70%) 11 рабоч.дней_перед;0.68;0.68;0.69p. (+0.88%) 5 рабоч.дней_после
Ростелеком, АП (RTKMP 2018-07-05);63.23p. (-1.11%) 9 рабоч.дней_перед;62.53;62.00;63.73p. (+1.92%) 2 рабоч.дней_после
Ростелеком (RTKM 2018-07-05);68.33p. (+6.10%) 20 рабоч.дней_перед;72.50;72.20;72.94p. (+0.61%) 2 рабоч.дней_после
Россети, АП (RSTIP 2018-07-05);1.35p. (+1.56%) 20 рабоч.дней_перед;1.37;1.36;1.39p. (+2.05%) 19 рабоч.дней_после
Россети (RSTI 2018-07-05);0.79p. (+0.58%) 8 рабоч.дней_перед;0.79;0.78;0.80p. (+0.75%) 3 рабоч.дней_после
МТС (MTSS 2018-07-05);262.00p. (+9.92%) 7 рабоч.дней_перед;288.00;276.95;278.15p. (-3.42%) 2 рабоч.дней_после
Транснефть, АП (TRNFP 2018-07-06);165250.00p. (+2.18%) 6 рабоч.дней_перед;168850.00;172350.00;172500.00p. (+2.16%) 3 рабоч.дней_после
Группа ЛСР (LSRG 2018-07-06);831.00p. (+2.29%) 10 рабоч.дней_перед;850.00;784.50;784.50p. (-7.71%) 1 рабоч.дней_после
ОГК-2 (OGKB 2018-07-06);0.39p. (+2.52%) 10 рабоч.дней_перед;0.40;0.40;0.40p. (+0.45%) 2 рабоч.дней_после
Селигдар, АП (SELGP 2018-07-06);15.50p. (+15.81%) 17 рабоч.дней_перед;17.95;16.90;17.10p. (-4.74%) 3 рабоч.дней_после
ЛУКОЙЛ (LKOH 2018-07-09);4045.50p. (+10.10%) 15 рабоч.дней_перед;4454.00;4358.50;4598.00p. (+3.23%) 23 рабоч.дней_после
АК АЛРОСА (ALRS 2018-07-12);89.10p. (+12.51%) 19 рабоч.дней_перед;100.25;101.20;101.20p. (+0.95%) 1 рабоч.дней_после
ОР (OBUV 2018-07-12);95.80p. (+2.92%) 9 рабоч.дней_перед;98.60;97.25;101.25p. (+2.69%) 17 рабоч.дней_после
ГМК Норильский никель (GMKN 2018-07-13);11051.00p. (+2.78%) 19 рабоч.дней_перед;11358.00;10693.00;11005.00p. (-3.11%) 21 рабоч.дней_после
Мечел, АП (MTLRP 2018-07-16);127.70p. (+6.30%) 19 рабоч.дней_перед;135.75;119.10;119.10p. (-12.27%) 1 рабоч.дней_после
КАМАЗ (KMAZ 2018-07-16);50.70p. (+20.32%) 19 рабоч.дней_перед;61.00;61.85;68.30p. (+11.97%) 14 рабоч.дней_после
ФСК ЕЭС (FEES 2018-07-16);0.18p. (+3.66%) 19 рабоч.дней_перед;0.19;0.17;0.17p. (-7.23%) 1 рабоч.дней_после
АФК Система (AFKS 2018-07-17);8.58p. (+5.36%) 14 рабоч.дней_перед;9.04;8.89;9.28p. (+2.71%) 9 рабоч.дней_после
Газпром (GAZP 2018-07-17);134.40p. (+8.12%) 18 рабоч.дней_перед;145.31;138.29;145.20p. (-0.08%) 17 рабоч.дней_после
Сургутнефтегаз, АП (SNGSP 2018-07-17);31.05p. (+7.57%) 16 рабоч.дней_перед;33.40;32.90;37.00p. (+10.78%) 20 рабоч.дней_после
Сургутнефтегаз (SNGS 2018-07-17);28.08p. (+1.82%) 9 рабоч.дней_перед;28.59;28.52;29.20p. (+2.13%) 13 рабоч.дней_после
ФосАгро (PHOR 2018-07-19);2264.00p. (+2.69%) 16 рабоч.дней_перед;2325.00;2300.00;2325.00p. (0.00%) 21 рабоч.дней_после
Группа Компаний ПИК (PIKK 2018-08-31);339.30p. (+7.28%) 21 рабоч.дней_перед;364.00;343.70;350.30p. (-3.76%) 9 рабоч.дней_после
Северсталь (CHMF 2018-09-21);1049.40p. (+6.25%) 23 рабоч.дней_перед;1115.00;1072.00;1109.10p. (-0.53%) 9 рабоч.дней_после
ГМК Норильский никель (GMKN 2018-09-27);11072.00p. (+6.85%) 23 рабоч.дней_перед;11830.00;11388.00;11430.00p. (-3.38%) 14 рабоч.дней_после
НК Роснефть (ROSN 2018-10-05);434.50p. (+15.77%) 22 рабоч.дней_перед;503.00;479.45;479.45p. (-4.68%) 1 рабоч.дней_после
ММК (MAGN 2018-10-05);48.25p. (+7.36%) 22 рабоч.дней_перед;51.80;50.73;50.73p. (-2.07%) 1 рабоч.дней_после
МТС (MTSS 2018-10-05);252.50p. (+8.95%) 18 рабоч.дней_перед;275.10;269.90;272.40p. (-0.98%) 7 рабоч.дней_после
НОВАТЭК (NVTK 2018-10-08);1074.10p. (+9.86%) 15 рабоч.дней_перед;1180.00;1145.00;1170.00p. (-0.85%) 2 рабоч.дней_после
ФосАгро (PHOR 2018-10-10);2517.00p. (-0.95%) 8 рабоч.дней_перед;2493.00;2443.00;2532.00p. (+1.56%) 19 рабоч.дней_после
Корпорация ВСМПО-АВИСМА (VSMO 2018-10-10);16100.00p. (+3.48%) 19 рабоч.дней_перед;16660.00;16000.00;16000.00p. (-3.96%) 1 рабоч.дней_после
Татнефть им. В.Д. Шашина (TATN 2018-10-10);783.10p. (+5.20%) 14 рабоч.дней_перед;823.80;778.30;819.20p. (-0.56%) 20 рабоч.дней_после
Татнефть им. В.Д. Шашина, АП (TATNP 2018-10-10);524.80p. (+10.14%) 20 рабоч.дней_перед;578.00;560.20;565.00p. (-2.25%) 2 рабоч.дней_после
НЛМК (NLMK 2018-10-10);169.36p. (+4.12%) 21 рабоч.дней_перед;176.34;167.10;171.30p. (-2.86%) 5 рабоч.дней_после
АК АЛРОСА (ALRS 2018-10-11);103.20p. (-2.13%) 4 рабоч.дней_перед;101.00;97.00;103.99p. (+2.96%) 20 рабоч.дней_после
Полюс (PLZL 2018-10-16);4048.00p. (+6.62%) 14 рабоч.дней_перед;4316.00;4350.00;4400.00p. (+1.95%) 20 рабоч.дней_после
Акрон (AKRN 2018-10-26);4536.00p. (-0.75%) 1 рабоч.дней_перед;4502.00;4497.00;4690.00p. (+4.18%) 19 рабоч.дней_после
Северсталь (CHMF 2018-11-30);986.40p. (+1.65%) 3 рабоч.дней_перед;1002.70;978.00;978.00p. (-2.46%) 1 рабоч.дней_после
ММК (MAGN 2018-12-14);44.92p. (+4.03%) 17 рабоч.дней_перед;46.72;44.56;45.60p. (-2.41%) 16 рабоч.дней_после
Юнипро (UPRO 2018-12-14);2.70p. (+0.41%) 1 рабоч.дней_перед;2.71;2.56;2.64p. (-2.55%) 16 рабоч.дней_после
Магнит (MGNT 2018-12-19);3454.50p. (+6.38%) 21 рабоч.дней_перед;3675.00;3565.00;4155.00p. (+13.06%) 17 рабоч.дней_после
ЛУКОЙЛ (LKOH 2018-12-19);4623.00p. (+6.21%) 17 рабоч.дней_перед;4910.00;4808.50;5200.00p. (+5.91%) 13 рабоч.дней_после
Детский мир (DSKY 2018-12-24);89.62p. (+5.87%) 20 рабоч.дней_перед;94.88;89.60;92.76p. (-2.23%) 17 рабоч.дней_после
Татнефть им. В.Д. Шашина, АП (TATNP 2019-01-04);472.00p. (+9.96%) 5 рабоч.дней_перед;519.00;505.90;569.00p. (+9.63%) 18 рабоч.дней_после
Татнефть им. В.Д. Шашина (TATN 2019-01-04);696.80p. (+5.87%) 5 рабоч.дней_перед;737.70;723.20;808.10p. (+9.54%) 19 рабоч.дней_после
НЛМК (NLMK 2019-01-04);150.98p. (+3.11%) 4 рабоч.дней_перед;155.68;150.12;158.42p. (+1.76%) 20 рабоч.дней_после
Ростелеком, АП (RTKMP 2019-01-10);59.80p. (+2.01%) 14 рабоч.дней_перед;61.00;62.20;62.20p. (+1.97%) 1 рабоч.дней_после
Ростелеком (RTKM 2019-01-10);70.82p. (+0.79%) 17 рабоч.дней_перед;71.38;72.59;74.35p. (+4.16%) 11 рабоч.дней_после
ФосАгро (PHOR 2019-01-31);2514.00p. (+2.74%) 15 рабоч.дней_перед;2583.00;2529.00;2560.00p. (-0.89%) 18 рабоч.дней_после
Акрон (AKRN 2019-03-20);4692.00p. (+0.17%) 2 рабоч.дней_перед;4700.00;4594.00;4596.00p. (-2.21%) 2 рабоч.дней_после
НОВАТЭК (NVTK 2019-05-02);1060.40p. (+13.84%) 21 рабоч.дней_перед;1207.20;1199.80;1323.00p. (+9.59%) 20 рабоч.дней_после
НЛМК (NLMK 2019-05-02);168.50p. (+3.91%) 12 рабоч.дней_перед;175.08;169.50;172.88p. (-1.26%) 19 рабоч.дней_после
ЦМТ, АП (WTCMP 2019-05-06);6.96p. (+4.02%) 11 рабоч.дней_перед;7.24;6.76;7.02p. (-3.04%) 10 рабоч.дней_после
ЦМТ (WTCM 2019-05-06);7.44p. (+3.76%) 5 рабоч.дней_перед;7.72;7.56;7.56p. (-2.07%) 1 рабоч.дней_после
Московская Биржа (MOEX 2019-05-10);90.70p. (+1.07%) 9 рабоч.дней_перед;91.67;86.34;89.24p. (-2.65%) 21 рабоч.дней_после
Полюс (PLZL 2019-05-14);4835.00p. (+3.75%) 19 рабоч.дней_перед;5016.50;4964.00;5721.00p. (+14.04%) 22 рабоч.дней_после
Детский мир (DSKY 2019-05-23);88.14p. (+1.88%) 16 рабоч.дней_перед;89.80;85.58;87.00p. (-3.12%) 20 рабоч.дней_после
Интер РАО (IRAO 2019-05-29);3.79p. (+8.18%) 13 рабоч.дней_перед;4.10;3.97;5.05p. (+23.22%) 17 рабоч.дней_после
ОАО МРСК Урала (MRKU 2019-05-30);0.16p. (+8.37%) 9 рабоч.дней_перед;0.18;0.18;0.18p. (+1.79%) 11 рабоч.дней_после
Корпорация ВСМПО-АВИСМА (VSMO 2019-05-30);17100.00p. (+2.92%) 8 рабоч.дней_перед;17600.00;16900.00;16900.00p. (-3.98%) 1 рабоч.дней_после
Группа Компаний ПИК (PIKK 2019-05-30);365.50p. (+6.68%) 20 рабоч.дней_перед;389.90;368.40;374.90p. (-3.85%) 20 рабоч.дней_после
МОСКОВСКИЙ КРЕДИТНЫЙ БАНК (CBOM 2019-06-05);5.93p. (+0.66%) 18 рабоч.дней_перед;5.97;5.96;6.11p. (+2.26%) 17 рабоч.дней_после
САФМАР Финансовые инвестиции (SFIN 2019-06-06);478.60p. (+5.18%) 19 рабоч.дней_перед;503.40;496.60;503.40p. (0.00%) 15 рабоч.дней_после
МРСК Волги (MRKV 2019-06-06);0.11p. (+2.08%) 21 рабоч.дней_перед;0.11;0.10;0.10p. (-11.04%) 1 рабоч.дней_после
МРСК Центра (MRKC 2019-06-06);0.30p. (+1.42%) 3 рабоч.дней_перед;0.30;0.29;0.31p. (+2.54%) 8 рабоч.дней_после
Банк Санкт-Петербург (BSPB 2019-06-06);54.12p. (+0.50%) 1 рабоч.дней_перед;54.39;51.13;51.77p. (-4.82%) 17 рабоч.дней_после
ФосАгро (PHOR 2019-06-06);2278.00p. (+7.68%) 19 рабоч.дней_перед;2453.00;2405.00;2540.00p. (+3.55%) 14 рабоч.дней_после
Акрон (AKRN 2019-06-07);4512.00p. (+2.70%) 21 рабоч.дней_перед;4634.00;4530.00;4630.00p. (-0.09%) 19 рабоч.дней_после
ММК (MAGN 2019-06-07);42.92p. (+6.23%) 15 рабоч.дней_перед;45.60;45.44;47.00p. (+3.07%) 6 рабоч.дней_после
Сбербанк, АП (SBERP 2019-06-10);198.89p. (+10.66%) 20 рабоч.дней_перед;220.10;206.71;210.40p. (-4.41%) 14 рабоч.дней_после
Сбербанк (SBER 2019-06-10);224.22p. (+11.05%) 20 рабоч.дней_перед;249.00;235.89;244.10p. (-1.97%) 7 рабоч.дней_после
Магнит (MGNT 2019-06-11);3552.00p. (+6.45%) 13 рабоч.дней_перед;3781.00;3650.00;3935.00p. (+4.07%) 18 рабоч.дней_после
НК Роснефть (ROSN 2019-06-13);408.20p. (+3.38%) 17 рабоч.дней_перед;422.00;408.00;423.25p. (+0.30%) 19 рабоч.дней_после
Северсталь (CHMF 2019-06-14);973.20p. (+15.19%) 19 рабоч.дней_перед;1121.00;1059.60;1099.20p. (-1.94%) 4 рабоч.дней_после
НЛМК (NLMK 2019-06-17);156.42p. (+16.35%) 20 рабоч.дней_перед;182.00;175.54;175.54p. (-3.55%) 1 рабоч.дней_после
ММК (MAGN 2019-06-18);43.90p. (+7.06%) 16 рабоч.дней_перед;47.00;46.40;46.40p. (-1.28%) 1 рабоч.дней_после
ГМК Норильский никель (GMKN 2019-06-19);13358.00p. (+11.30%) 21 рабоч.дней_перед;14868.00;14224.00;14902.00p. (+0.23%) 22 рабоч.дней_после
Селигдар, АП (SELGP 2019-06-20);22.65p. (+12.80%) 22 рабоч.дней_перед;25.55;23.85;24.40p. (-4.50%) 2 рабоч.дней_после
МРСК Сибири (MRKS 2019-06-20);0.25p. (+19.59%) 22 рабоч.дней_перед;0.29;0.30;0.30p. (+2.22%) 4 рабоч.дней_после
Банк ВТБ (VTBR 2019-06-20);0.03p. (+15.82%) 21 рабоч.дней_перед;0.04;0.04;0.04p. (+8.86%) 15 рабоч.дней_после
Юнипро (UPRO 2019-06-21);2.49p. (+4.42%) 20 рабоч.дней_перед;2.60;2.60;2.68p. (+3.08%) 6 рабоч.дней_после
МОЭСК (MSRS 2019-06-21);0.71p. (+11.10%) 19 рабоч.дней_перед;0.79;0.73;0.74p. (-6.70%) 11 рабоч.дней_после
МРСК Северо-Запада (MRKZ 2019-06-21);0.06p. (+23.48%) 22 рабоч.дней_перед;0.07;0.07;0.07p. (-0.65%) 3 рабоч.дней_после
МРСК Центра и Приволжья (MRKP 2019-06-21);0.28p. (+8.03%) 11 рабоч.дней_перед;0.30;0.27;0.27p. (-10.59%) 18 рабоч.дней_после
ТГК-1 (TGKA 2019-06-24);0.01p. (+17.26%) 15 рабоч.дней_перед;0.01;0.01;0.01p. (+2.12%) 7 рабоч.дней_после
ОГК-2 (OGKB 2019-06-26);0.45p. (+25.50%) 21 рабоч.дней_перед;0.56;0.56;0.58p. (+3.27%) 3 рабоч.дней_после
Мосэнерго (MSNG 2019-06-28);2.28p. (+10.33%) 22 рабоч.дней_перед;2.51;2.34;2.34p. (-6.75%) 1 рабоч.дней_после
Ростелеком, АП (RTKMP 2019-07-02);60.70p. (+7.33%) 18 рабоч.дней_перед;65.15;63.05;65.50p. (+0.54%) 5 рабоч.дней_после
Ростелеком (RTKM 2019-07-02);76.83p. (+4.99%) 18 рабоч.дней_перед;80.66;79.19;84.11p. (+4.28%) 13 рабоч.дней_после
Аэрофлот (AFLT 2019-07-03);95.40p. (+9.64%) 16 рабоч.дней_перед;104.60;110.60;110.60p. (+5.74%) 1 рабоч.дней_после
Татнефть им. В.Д. Шашина, АП (TATNP 2019-07-03);584.90p. (+13.61%) 21 рабоч.дней_перед;664.50;656.10;675.00p. (+1.58%) 18 рабоч.дней_после
Татнефть им. В.Д. Шашина (TATN 2019-07-03);749.90p. (+4.01%) 19 рабоч.дней_перед;780.00;760.50;762.70p. (-2.22%) 2 рабоч.дней_после
Россети, АП (RSTIP 2019-07-04);1.53p. (+8.80%) 21 рабоч.дней_перед;1.67;1.62;1.62p. (-2.94%) 1 рабоч.дней_после
Россети (RSTI 2019-07-04);1.23p. (+13.43%) 21 рабоч.дней_перед;1.40;1.35;1.35p. (-3.56%) 1 рабоч.дней_после
Энел Россия (ENRU 2019-07-04);1.11p. (+2.48%) 21 рабоч.дней_перед;1.14;1.01;1.01p. (-10.99%) 2 рабоч.дней_после
РусГидро (HYDR 2019-07-05);0.54p. (+14.33%) 21 рабоч.дней_перед;0.62;0.59;0.59p. (-4.79%) 1 рабоч.дней_после
ЛУКОЙЛ (LKOH 2019-07-05);5109.50p. (+6.86%) 21 рабоч.дней_перед;5460.00;5357.50;5374.00p. (-1.58%) 2 рабоч.дней_после
МТС (MTSS 2019-07-05);259.50p. (+9.81%) 21 рабоч.дней_перед;284.95;268.60;270.95p. (-4.91%) 2 рабоч.дней_после
ФосАгро (PHOR 2019-07-08);2399.00p. (+4.25%) 19 рабоч.дней_перед;2501.00;2436.00;2484.00p. (-0.68%) 23 рабоч.дней_после
Группа ЛСР (LSRG 2019-07-08);715.00p. (+10.49%) 19 рабоч.дней_перед;790.00;746.40;778.80p. (-1.42%) 17 рабоч.дней_после
АК АЛРОСА (ALRS 2019-07-11);84.32p. (-2.13%) 6 рабоч.дней_перед;82.52;79.50;82.00p. (-0.63%) 12 рабоч.дней_после
ФСК ЕЭС (FEES 2019-07-12);0.19p. (+8.34%) 21 рабоч.дней_перед;0.20;0.18;0.19p. (-8.22%) 11 рабоч.дней_после
ТМК (TRMK 2019-07-16);59.96p. (+0.07%) 12 рабоч.дней_перед;60.00;58.06;58.38p. (-2.70%) 11 рабоч.дней_после
ОР (OBUV 2019-07-16);55.85p. (+4.57%) 10 рабоч.дней_перед;58.40;58.20;64.10p. (+9.76%) 9 рабоч.дней_после
Газпром (GAZP 2019-07-16);229.09p. (+3.89%) 17 рабоч.дней_перед;238.01;220.19;237.10p. (-0.38%) 10 рабоч.дней_после
Мечел, АП (MTLRP 2019-07-16);120.70p. (-3.77%) 1 рабоч.дней_перед;116.15;100.50;101.75p. (-12.40%) 10 рабоч.дней_после
Сургутнефтегаз, АП (SNGSP 2019-07-16);40.99p. (+2.33%) 18 рабоч.дней_перед;41.95;34.54;34.54p. (-17.65%) 1 рабоч.дней_после
Сургутнефтегаз (SNGS 2019-07-16);25.15p. (+6.68%) 21 рабоч.дней_перед;26.83;26.41;27.08p. (+0.93%) 12 рабоч.дней_после
АФК Система (AFKS 2019-07-16);9.39p. (+23.23%) 21 рабоч.дней_перед;11.57;11.62;12.13p. (+4.82%) 12 рабоч.дней_после
Транснефть, АП (TRNFP 2019-07-18);158450.00p. (+0.98%) 21 рабоч.дней_перед;160000.00;159200.00;159500.00p. (-0.31%) 3 рабоч.дней_после
Северсталь (CHMF 2019-09-13);928.40p. (+9.22%) 20 рабоч.дней_перед;1014.00;1000.00;1000.00p. (-1.38%) 1 рабоч.дней_после
Татнефть им. В.Д. Шашина, АП (TATNP 2019-09-25);629.00p. (+6.04%) 21 рабоч.дней_перед;667.00;631.90;660.00p. (-1.05%) 22 рабоч.дней_после
Татнефть им. В.Д. Шашина (TATN 2019-09-25);716.90p. (+3.22%) 22 рабоч.дней_перед;740.00;704.90;759.90p. (+2.69%) 21 рабоч.дней_после
ГМК Норильский никель (GMKN 2019-10-03);15650.00p. (+6.08%) 14 рабоч.дней_перед;16602.00;15894.00;18192.00p. (+9.58%) 19 рабоч.дней_после
НОВАТЭК (NVTK 2019-10-08);1269.00p. (+3.55%) 17 рабоч.дней_перед;1314.00;1299.20;1380.00p. (+5.02%) 21 рабоч.дней_после
Полюс (PLZL 2019-10-08);7301.00p. (+5.19%) 20 рабоч.дней_перед;7680.00;7575.50;7616.00p. (-0.83%) 20 рабоч.дней_после
НЛМК (NLMK 2019-10-08);131.42p. (+0.12%) 1 рабоч.дней_перед;131.58;128.00;133.22p. (+1.25%) 21 рабоч.дней_после
Корпорация ВСМПО-АВИСМА (VSMO 2019-10-09);16960.00p. (+4.60%) 22 рабоч.дней_перед;17740.00;16960.00;17800.00p. (+0.34%) 21 рабоч.дней_после
НК Роснефть (ROSN 2019-10-09);410.05p. (+2.71%) 18 рабоч.дней_перед;421.15;409.00;463.50p. (+10.06%) 20 рабоч.дней_после
АК АЛРОСА (ALRS 2019-10-10);71.80p. (+1.95%) 2 рабоч.дней_перед;73.20;70.60;76.28p. (+4.21%) 19 рабоч.дней_после
МТС (MTSS 2019-10-10);260.90p. (+4.54%) 2 рабоч.дней_перед;272.75;268.00;300.30p. (+10.10%) 20 рабоч.дней_после
ФосАгро (PHOR 2019-10-11);2451.00p. (+2.16%) 12 рабоч.дней_перед;2504.00;2485.00;2498.00p. (-0.24%) 3 рабоч.дней_после
ММК (MAGN 2019-10-11);36.53p. (+2.96%) 2 рабоч.дней_перед;37.61;36.69;39.24p. (+4.35%) 18 рабоч.дней_после
Распадская (RASP 2019-10-17);113.34p. (+2.56%) 8 рабоч.дней_перед;116.24;114.60;118.10p. (+1.60%) 2 рабоч.дней_после
Северсталь (CHMF 2019-11-29);880.80p. (+3.09%) 11 рабоч.дней_перед;908.00;885.00;938.20p. (+3.33%) 20 рабоч.дней_после
Акрон (AKRN 2019-12-09);4878.00p. (+2.09%) 15 рабоч.дней_перед;4980.00;4894.00;4894.00p. (-1.73%) 1 рабоч.дней_после
Юнипро (UPRO 2019-12-12);2.66p. (+1.24%) 19 рабоч.дней_перед;2.69;2.70;2.85p. (+5.64%) 17 рабоч.дней_после
М.видео (MVID 2019-12-12);480.10p. (+24.97%) 12 рабоч.дней_перед;600.00;585.00;585.00p. (-2.50%) 1 рабоч.дней_после
Детский мир (DSKY 2019-12-13);93.00p. (+6.17%) 16 рабоч.дней_перед;98.74;94.50;107.40p. (+8.77%) 17 рабоч.дней_после
ЛУКОЙЛ (LKOH 2019-12-18);6040.00p. (+3.49%) 11 рабоч.дней_перед;6250.50;6079.00;6685.00p. (+6.95%) 18 рабоч.дней_после
ГМК Норильский никель (GMKN 2019-12-25);17046.00p. (+16.68%) 18 рабоч.дней_перед;19890.00;19220.00;21850.00p. (+9.85%) 14 рабоч.дней_после
Татнефть им. В.Д. Шашина, АП (TATNP 2019-12-26);682.70p. (+10.28%) 16 рабоч.дней_перед;752.90;739.00;777.50p. (+3.27%) 13 рабоч.дней_после
Татнефть им. В.Д. Шашина (TATN 2019-12-26);734.20p. (+7.46%) 17 рабоч.дней_перед;789.00;770.00;830.00p. (+5.20%) 13 рабоч.дней_после
НЛМК (NLMK 2020-01-06);132.80p. (+6.88%) 16 рабоч.дней_перед;141.94;139.50;150.20p. (+5.82%) 8 рабоч.дней_после
МТС (MTSS 2020-01-08);302.40p. (+8.52%) 17 рабоч.дней_перед;328.15;324.30;336.45p. (+2.53%) 12 рабоч.дней_после
Магнит (MGNT 2020-01-08);3230.50p. (+6.08%) 16 рабоч.дней_перед;3427.00;3348.00;3855.00p. (+12.49%) 8 рабоч.дней_после
ФСК ЕЭС (FEES 2020-01-09);0.19p. (+10.02%) 16 рабоч.дней_перед;0.21;0.21;0.23p. (+7.87%) 19 рабоч.дней_после
МРСК Центра (MRKC 2020-01-09);0.29p. (+14.85%) 19 рабоч.дней_перед;0.33;0.31;0.31p. (-5.59%) 1 рабоч.дней_после
МРСК Северо-Запада (MRKZ 2020-01-10);0.05p. (+7.93%) 19 рабоч.дней_перед;0.06;0.05;0.05p. (-0.45%) 6 рабоч.дней_после
МРСК Сибири (MRKS 2020-01-10);0.22p. (+28.14%) 19 рабоч.дней_перед;0.28;0.27;0.28p. (-0.18%) 2 рабоч.дней_после
МРСК Волги (MRKV 2020-01-10);0.08p. (+6.89%) 19 рабоч.дней_перед;0.09;0.09;0.09p. (+0.33%) 19 рабоч.дней_после
МОЭСК (MSRS 2020-01-10);1.10p. (+14.33%) 19 рабоч.дней_перед;1.26;1.24;1.25p. (-0.59%) 14 рабоч.дней_после
МРСК Центра и Приволжья (MRKP 2020-01-10);0.22p. (+13.02%) 18 рабоч.дней_перед;0.24;0.23;0.24p. (-2.59%) 2 рабоч.дней_после
ОАО МРСК Урала (MRKU 2020-01-10);0.16p. (+4.79%) 10 рабоч.дней_перед;0.17;0.17;0.17p. (+1.52%) 6 рабоч.дней_после
ММК (MAGN 2020-01-13);40.80p. (+9.34%) 12 рабоч.дней_перед;44.61;44.28;47.53p. (+6.55%) 5 рабоч.дней_после
ФосАгро (PHOR 2020-01-31);2415.00p. (+2.24%) 17 рабоч.дней_перед;2469.00;2425.00;2444.00p. (-1.01%) 2 рабоч.дней_после
Акрон (AKRN 2020-04-10);5380.00p. (+12.16%) 23 рабоч.дней_перед;6034.00;5750.00;5998.00p. (-0.60%) 8 рабоч.дней_после
ЦМТ, АП (WTCMP 2020-05-04);8.50p. (+24.94%) 19 рабоч.дней_перед;10.62;9.68;9.68p. (-8.85%) 1 рабоч.дней_после
ЦМТ (WTCM 2020-05-04);8.78p. (+20.73%) 19 рабоч.дней_перед;10.60;9.74;9.74p. (-8.11%) 1 рабоч.дней_после
НОВАТЭК (NVTK 2020-05-06);938.40p. (+12.96%) 13 рабоч.дней_перед;1060.00;1028.00;1030.40p. (-2.79%) 2 рабоч.дней_после
Группа ЛСР (LSRG 2020-05-07);563.80p. (+10.82%) 11 рабоч.дней_перед;624.80;598.60;598.60p. (-4.19%) 1 рабоч.дней_после
