Компания(последняя дата покупки дивидендов);Рабочих дней от минимальной стоимости до конечной даты;От минимальной стоимости до стоимости в последней дате;Стоимость акции в последний день для получения дивидендов;Стоимость акции на следующий день после последнего дня покупки для получения дивидендов;От стоимости с последней даты до максимальной стоимости после;Рабочих дней от конечной даты до максимальной стоимости;
НЛМК (NLMK 2016-01-05);8;+4.22%;60.75;60.75;+16.87%;21
Магнит (MGNT 2016-01-05);10;+6.51%;11272.80;11243.00;+1.32%;16
ФосАгро (PHOR 2016-01-22);5;+7.43%;2863.00;2775.00;-3.07%;1
Группа ЛСР (LSRG 2016-04-14);23;+8.05%;718.00;654.50;-8.84%;1
ЦМТ, АП (WTCMP 2016-04-19);20;+18.78%;7.02;7.04;+0.28%;1
ЦМТ (WTCM 2016-04-19);12;+21.79%;9.50;9.15;+4.21%;6
НОВАТЭК (NVTK 2016-04-28);14;+9.19%;638.10;612.80;+3.42%;18
Корпорация ВСМПО-АВИСМА (VSMO 2016-05-25);17;+3.76%;12700.00;12290.00;-3.23%;1
Банк Санкт-Петербург (BSPB 2016-06-03);21;+10.22%;55.77;54.54;-0.27%;4
ММК (MAGN 2016-06-03);20;+16.94%;25.96;25.34;-1.31%;3
ФосАгро (PHOR 2016-06-09);5;-0.40%;2760.00;2745.00;+1.01%;12
Акрон (AKRN 2016-06-09);16;+7.29%;3755.00;3610.00;-3.33%;4
НЛМК (NLMK 2016-06-09);1;+0.65%;80.51;77.70;+4.98%;20
Сбербанк, АП (SBERP 2016-06-09);15;+19.14%;97.78;93.75;-2.22%;9
Сбербанк (SBER 2016-06-09);22;+16.78%;139.61;133.50;-1.15%;9
Мосэнерго (MSNG 2016-06-15);8;+9.77%;1.66;1.63;+1.45%;16
Магнит (MGNT 2016-06-15);1;+3.11%;8868.27;8695.45;+6.48%;21
ГМК Норильский никель (GMKN 2016-06-17);1;-0.59%;8448.00;8300.00;+10.09%;18
ОАО МРСК Урала (MRKU 2016-06-22);19;+14.75%;0.14;0.12;-0.71%;22
МОЭСК (MSRS 2016-06-23);18;-9.20%;0.93;0.90;-0.86%;21
НК Роснефть (ROSN 2016-06-23);14;+11.77%;348.00;333.65;-2.47%;13
МРСК Центра (MRKC 2016-06-23);5;0.00%;0.24;0.24;+4.94%;21
МРСК Волги (MRKV 2016-06-24);6;+11.13%;0.03;0.03;+24.28%;20
М.видео (MVID 2016-06-29);19;+12.15%;326.80;301.70;+0.67%;21
Юнипро (UPRO 2016-06-30);21;+8.74%;2.75;2.60;+9.13%;21
Северсталь (CHMF 2016-07-01);11;+9.13%;699.10;684.10;+13.46%;20
МТС (MTSS 2016-07-01);4;+4.50%;245.05;235.45;+2.84%;20
ТГК-1 (TGKA 2016-07-05);7;+5.70%;0.01;0.00;+41.43%;22
РусГидро (HYDR 2016-07-06);13;+7.66%;0.62;0.60;+17.03%;16
Ростелеком, АП (RTKMP 2016-07-06);12;+4.62%;72.50;68.00;-6.21%;1
Ростелеком (RTKM 2016-07-06);3;+0.56%;92.01;88.49;-3.83%;1
Татнефть им. В.Д. Шашина (TATN 2016-07-06);7;+1.63%;321.15;314.35;+2.29%;22
Татнефть им. В.Д. Шашина, АП (TATNP 2016-07-06);14;+2.96%;177.20;170.70;-2.99%;22
Мечел, АП (MTLRP 2016-07-07);8;+5.28%;36.28;35.89;+5.60%;15
МОСТОТРЕСТ (MSTT 2016-07-07);19;+6.11%;97.30;88.30;-7.91%;13
ФСК ЕЭС (FEES 2016-07-07);19;+34.73%;0.16;0.16;-0.24%;17
ЛУКОЙЛ (LKOH 2016-07-08);16;+6.25%;2788.00;2752.00;+3.55%;14
ГК ТНС энерго (TNSE 2016-07-11);5;+22.32%;2000.00;1840.00;-7.50%;13
АФК Система (AFKS 2016-07-12);10;+10.82%;21.76;21.41;+7.74%;12
Сургутнефтегаз, АП (SNGSP 2016-07-14);21;+8.66%;41.40;36.00;-13.04%;1
Сургутнефтегаз (SNGS 2016-07-14);5;+3.16%;32.96;32.95;-0.03%;1
Россети, АП (RSTIP 2016-07-15);22;+49.26%;1.31;1.29;+41.94%;20
Россети (RSTI 2016-07-15);22;+16.01%;0.69;0.71;+33.70%;19
АК АЛРОСА (ALRS 2016-07-15);5;+4.37%;70.50;69.00;+5.25%;16
Транснефть, АП (TRNFP 2016-07-18);6;+3.93%;161400.00;158300.00;+3.47%;10
Газпром (GAZP 2016-07-18);15;+5.28%;145.84;139.48;-3.52%;5
ФосАгро (PHOR 2016-08-08);17;+8.10%;2721.00;2670.00;-1.87%;1
Акрон (AKRN 2016-09-16);22;+7.41%;3770.00;3580.00;-5.04%;1
Магнит (MGNT 2016-09-21);4;+4.73%;10575.60;10627.20;+1.32%;3
Корпорация ВСМПО-АВИСМА (VSMO 2016-09-29);23;+10.80%;14360.00;13250.00;-6.20%;2
АФК Система (AFKS 2016-10-05);13;+3.17%;20.80;20.39;-0.62%;11
ТМК (TRMK 2016-10-06);22;+14.30%;61.55;60.90;+11.94%;17
НОВАТЭК (NVTK 2016-10-07);13;+5.48%;674.10;674.50;+1.07%;2
ММК (MAGN 2016-10-07);5;+3.45%;29.55;29.00;+8.34%;17
НЛМК (NLMK 2016-10-10);15;+7.41%;87.85;85.86;+28.24%;22
ФосАгро (PHOR 2016-10-12);3;+1.03%;2446.00;2429.00;-0.70%;1
МТС (MTSS 2016-10-12);8;+2.15%;232.40;221.75;-3.49%;20
Северсталь (CHMF 2016-12-09);22;+14.58%;1006.00;968.90;-2.78%;2
Юнипро (UPRO 2016-12-15);22;+8.39%;2.97;2.86;+0.91%;18
ЛУКОЙЛ (LKOH 2016-12-21);21;+10.51%;3439.00;3368.00;+3.95%;8
Магнит (MGNT 2016-12-21);16;+4.47%;10676.90;10340.20;+5.55%;8
НЛМК (NLMK 2017-01-05);17;+6.01%;116.00;112.14;+3.53%;19
ФосАгро (PHOR 2017-01-25);19;+10.98%;2819.00;2799.00;+2.59%;6
НОВАТЭК (NVTK 2017-04-27);6;+2.70%;697.10;695.40;-0.16%;5
Банк ВТБ (VTBR 2017-05-04);10;+4.84%;0.07;0.07;+0.16%;11
Московская Биржа (MOEX 2017-05-12);17;+10.54%;115.35;108.90;-5.59%;1
Банк Санкт-Петербург (BSPB 2017-05-29);4;+2.26%;60.10;59.17;+0.33%;2
Корпорация ВСМПО-АВИСМА (VSMO 2017-06-01);12;+2.58%;15880.00;14310.00;-5.92%;20
ММК (MAGN 2017-06-02);1;+0.98%;30.90;29.81;+8.43%;18
ФосАгро (PHOR 2017-06-08);2;-0.18%;2260.00;2260.00;+5.27%;20
НЛМК (NLMK 2017-06-09);20;+5.19%;109.19;104.89;+10.82%;18
Мосэнерго (MSNG 2017-06-09);16;+3.68%;2.33;2.36;+1.27%;1
Сбербанк, АП (SBERP 2017-06-09);1;-0.12%;122.25;116.55;+2.66%;19
Сбербанк (SBER 2017-06-09);1;-1.18%;150.13;146.00;+1.35%;19
МРСК Центра и Приволжья (MRKP 2017-06-14);16;+18.30%;0.18;0.17;+7.93%;18
Группа ЛСР (LSRG 2017-06-16);1;+1.49%;883.00;796.00;-1.59%;15
ОАО МРСК Урала (MRKU 2017-06-16);22;+11.94%;0.15;0.15;+0.67%;8
ТМК (TRMK 2017-06-16);21;+0.94%;74.97;74.30;+3.59%;7
ОГК-2 (OGKB 2017-06-16);18;+11.98%;0.38;0.38;+25.56%;18
Северсталь (CHMF 2017-06-16);2;+3.99%;717.00;684.20;+17.70%;18
МРСК Центра (MRKC 2017-06-19);17;+10.74%;0.48;0.43;-5.42%;22
МОЭСК (MSRS 2017-06-19);1;+0.73%;0.83;0.80;+2.18%;19
Магнит (MGNT 2017-06-21);12;+7.03%;9434.39;9272.50;+2.33%;17
ГМК Норильский никель (GMKN 2017-06-21);13;+6.40%;8290.00;7850.00;+4.86%;20
МРСК Волги (MRKV 2017-06-22);22;+6.34%;0.07;0.07;+13.40%;20
МРСК Северо-Запада (MRKZ 2017-06-22);4;+1.54%;0.04;0.04;+26.33%;21
Энел Россия (ENRU 2017-06-26);20;+11.33%;1.15;1.11;+9.48%;22
НК Роснефть (ROSN 2017-06-29);18;+10.63%;333.00;323.00;-0.18%;3
Юнипро (UPRO 2017-06-30);6;+0.28%;2.51;2.42;-1.40%;13
ЦМТ, АП (WTCMP 2017-07-03);19;+7.73%;6.55;5.78;-5.34%;23
ЦМТ (WTCM 2017-07-03);12;+6.41%;8.30;8.00;+0.60%;11
Татнефть им. В.Д. Шашина (TATN 2017-07-05);13;+10.97%;388.50;370.95;+1.06%;21
Татнефть им. В.Д. Шашина, АП (TATNP 2017-07-05);14;+10.77%;288.00;269.00;-5.31%;10
Ростелеком, АП (RTKMP 2017-07-05);14;+8.04%;58.45;53.80;-7.96%;1
Ростелеком (RTKM 2017-07-05);14;+3.71%;71.88;67.52;-6.07%;1
ТГК-1 (TGKA 2017-07-05);14;+10.48%;0.01;0.01;+5.78%;6
РусГидро (HYDR 2017-07-06);11;+9.79%;0.82;0.78;-1.59%;3
ЛУКОЙЛ (LKOH 2017-07-06);14;+11.17%;2985.00;2856.00;-1.57%;19
МТС (MTSS 2017-07-06);7;+2.39%;237.55;224.05;+2.42%;20
Мечел, АП (MTLRP 2017-07-07);15;+21.73%;122.10;116.40;-4.14%;2
Акрон (AKRN 2017-07-07);16;+11.42%;3250.00;3176.00;+2.31%;16
КАМАЗ (KMAZ 2017-07-10);16;+3.21%;51.50;51.45;+4.95%;21
Аэрофлот (AFLT 2017-07-12);18;+28.83%;225.00;211.50;-4.58%;6
ФосАгро (PHOR 2017-07-13);21;+8.85%;2361.00;2341.00;+2.67%;21
Полюс (PLZL 2017-07-13);6;+3.87%;4059.00;3925.81;+5.94%;21
Детский мир (DSKY 2017-07-13);6;+2.68%;91.80;90.00;+0.22%;19
МОСТОТРЕСТ (MSTT 2017-07-14);20;+11.33%;115.00;105.50;+4.52%;21
ФСК ЕЭС (FEES 2017-07-17);20;+14.76%;0.18;0.17;-1.61%;16
Россети, АП (RSTIP 2017-07-17);20;+17.35%;2.34;1.96;-16.45%;1
Россети (RSTI 2017-07-17);20;+14.29%;0.85;0.85;+9.85%;21
Сургутнефтегаз (SNGS 2017-07-17);20;+8.05%;26.85;26.41;+2.87%;13
Сургутнефтегаз, АП (SNGSP 2017-07-17);20;+4.10%;28.93;28.64;+2.97%;17
Транснефть, АП (TRNFP 2017-07-18);11;+12.06%;176500.00;175700.00;+2.27%;9
Газпром (GAZP 2017-07-18);21;+6.10%;124.49;120.11;-3.12%;2
АК АЛРОСА (ALRS 2017-07-18);19;+17.59%;96.00;89.34;-6.94%;1
Магнит (MGNT 2017-09-13);18;+14.62%;10627.20;10363.00;-2.20%;5
Полюс (PLZL 2017-09-21);23;+6.98%;4600.00;4450.00;+4.02%;19
Акрон (AKRN 2017-09-22);21;+4.61%;3657.00;3450.00;-2.41%;18
Северсталь (CHMF 2017-09-22);21;+2.68%;882.30;875.90;+3.69%;13
Московская Биржа (MOEX 2017-09-27);21;+11.69%;117.10;114.94;+3.94%;13
НОВАТЭК (NVTK 2017-10-06);22;+12.89%;677.10;666.10;+0.66%;3
ММК (MAGN 2017-10-06);22;+9.09%;44.60;44.17;+4.19%;6
НК Роснефть (ROSN 2017-10-06);22;+5.81%;320.60;319.10;+2.31%;7
НЛМК (NLMK 2017-10-10);13;+7.76%;137.40;135.89;-0.18%;10
ФосАгро (PHOR 2017-10-11);22;+4.76%;2378.00;2356.00;+3.20%;18
МТС (MTSS 2017-10-11);12;+5.19%;291.95;282.50;+0.34%;21
Корпорация ВСМПО-АВИСМА (VSMO 2017-10-17);14;+11.41%;17970.00;17250.00;-3.17%;19
ГМК Норильский никель (GMKN 2017-10-17);21;+12.39%;10730.00;10756.00;+8.20%;14
Северсталь (CHMF 2017-12-01);15;+3.18%;912.50;875.50;-1.22%;10
АФК Система (AFKS 2017-12-06);4;+12.42%;11.99;10.20;+14.68%;13
Детский мир (DSKY 2017-12-13);1;+2.32%;94.70;92.00;+5.44%;19
Юнипро (UPRO 2017-12-14);4;+3.11%;2.65;2.59;-1.51%;2
ММК (MAGN 2017-12-15);11;+0.39%;44.10;42.57;+3.72%;18
МОСТОТРЕСТ (MSTT 2017-12-15);7;+5.95%;163.80;157.00;-4.15%;1
ЛУКОЙЛ (LKOH 2017-12-20);22;+2.80%;3373.00;3332.50;+15.86%;14
Татнефть им. В.Д. Шашина (TATN 2017-12-21);15;+3.34%;471.95;481.60;+18.66%;17
Татнефть им. В.Д. Шашина, АП (TATNP 2017-12-21);16;+7.64%;367.90;368.00;+13.48%;17
САФМАР Финансовые инвестиции (SFIN 2017-12-22);16;+23.97%;768.00;785.00;+2.73%;7
НЛМК (NLMK 2018-01-04);20;+14.21%;153.00;146.46;+2.71%;11
Акрон (AKRN 2018-01-19);14;+9.68%;4180.00;4070.00;+2.94%;15
ФосАгро (PHOR 2018-03-07);18;+5.77%;2491.00;2447.00;-1.77%;1
ЦМТ, АП (WTCMP 2018-04-30);17;+17.17%;7.03;6.67;-0.43%;16
ЦМТ (WTCM 2018-04-30);10;+7.05%;8.35;8.05;-3.59%;1
НОВАТЭК (NVTK 2018-04-30);15;+8.51%;770.00;758.20;+7.53%;19
Московская Биржа (MOEX 2018-05-11);20;+9.15%;122.18;119.15;-2.48%;1
Детский мир (DSKY 2018-05-25);20;+6.93%;96.50;93.10;-1.55%;4
Интер РАО (IRAO 2018-05-30);17;+5.62%;4.05;4.08;+3.93%;4
Банк ВТБ (VTBR 2018-05-31);4;-2.39%;0.05;0.05;-3.77%;20
Банк Санкт-Петербург (BSPB 2018-05-31);20;-0.20%;50.60;50.70;+1.28%;2
Корпорация ВСМПО-АВИСМА (VSMO 2018-06-04);17;+3.16%;17640.00;17060.00;-3.29%;1
САФМАР Финансовые инвестиции (SFIN 2018-06-06);21;+2.48%;702.00;679.00;+7.55%;6
Полюс (PLZL 2018-06-08);16;+3.03%;3812.00;3830.00;+10.34%;14
МРСК Центра и Приволжья (MRKP 2018-06-09);9;-9.22%;0.31;0.31;-1.13%;1
ФосАгро (PHOR 2018-06-09);1;+0.65%;2315.00;2322.00;+1.99%;19
ММК (MAGN 2018-06-09);18;+10.20%;48.60;48.23;-0.75%;3
МРСК Волги (MRKV 2018-06-09);11;-1.49%;0.12;0.12;-0.33%;1
МРСК Центра (MRKC 2018-06-09);8;+0.73%;0.34;0.35;+1.74%;1
ОАО МРСК Урала (MRKU 2018-06-09);9;-3.09%;0.20;0.20;-0.25%;1
Акрон (AKRN 2018-06-11);11;+3.46%;4423.00;4265.00;-0.90%;18
Мосэнерго (MSNG 2018-06-14);3;+4.38%;2.56;2.42;-5.27%;1
МОЭСК (MSRS 2018-06-14);9;+1.97%;0.72;0.70;-3.32%;1
МРСК Сибири (MRKS 2018-06-15);20;+3.35%;0.11;0.10;+0.93%;14
Северсталь (CHMF 2018-06-15);16;+6.25%;1039.40;964.60;-6.88%;16
НЛМК (NLMK 2018-06-18);17;+4.89%;167.30;153.68;-3.71%;22
Энел Россия (ENRU 2018-06-20);13;+2.46%;1.46;1.29;-10.24%;2
ТГК-1 (TGKA 2018-06-21);2;+0.63%;0.01;0.01;-2.59%;17
Сбербанк, АП (SBERP 2018-06-22);3;+3.95%;190.75;179.90;+2.23%;12
Сбербанк (SBER 2018-06-22);3;+4.12%;214.48;202.51;+7.59%;11
НК Роснефть (ROSN 2018-06-28);22;+4.12%;395.20;396.15;+4.67%;8
ТМК (TRMK 2018-06-28);2;+0.78%;77.80;76.15;-1.99%;2
МОСТОТРЕСТ (MSTT 2018-06-29);2;-0.37%;107.00;105.50;+7.57%;20
Юнипро (UPRO 2018-06-29);10;+5.36%;2.91;2.81;-0.24%;9
Аэрофлот (AFLT 2018-07-04);21;+2.12%;140.00;129.20;-7.46%;2
Магнит (MGNT 2018-07-04);7;+1.76%;4630.00;4528.00;-1.73%;2
Татнефть им. В.Д. Шашина (TATN 2018-07-04);12;+6.73%;684.15;686.00;+6.70%;22
Татнефть им. В.Д. Шашина, АП (TATNP 2018-07-04);19;+0.55%;458.40;454.50;+7.79%;22
РусГидро (HYDR 2018-07-05);11;+2.70%;0.68;0.68;+0.88%;5
Ростелеком, АП (RTKMP 2018-07-05);9;-1.11%;62.53;62.00;+1.92%;2
Ростелеком (RTKM 2018-07-05);20;+6.10%;72.50;72.20;+0.61%;2
Россети, АП (RSTIP 2018-07-05);20;+1.56%;1.37;1.36;+2.05%;19
Россети (RSTI 2018-07-05);8;+0.58%;0.79;0.78;+0.75%;3
МТС (MTSS 2018-07-05);7;+9.92%;288.00;276.95;-3.42%;2
Транснефть, АП (TRNFP 2018-07-06);6;+2.18%;168850.00;172350.00;+2.16%;3
Группа ЛСР (LSRG 2018-07-06);10;+2.29%;850.00;784.50;-7.71%;1
ОГК-2 (OGKB 2018-07-06);10;+2.52%;0.40;0.40;+0.45%;2
Селигдар, АП (SELGP 2018-07-06);17;+15.81%;17.95;16.90;-4.74%;3
ЛУКОЙЛ (LKOH 2018-07-09);15;+10.10%;4454.00;4358.50;+3.23%;23
АК АЛРОСА (ALRS 2018-07-12);19;+12.51%;100.25;101.20;+0.95%;1
ОР (OBUV 2018-07-12);9;+2.92%;98.60;97.25;+2.69%;17
ГМК Норильский никель (GMKN 2018-07-13);19;+2.78%;11358.00;10693.00;-3.11%;21
Мечел, АП (MTLRP 2018-07-16);19;+6.30%;135.75;119.10;-12.27%;1
КАМАЗ (KMAZ 2018-07-16);19;+20.32%;61.00;61.85;+11.97%;14
ФСК ЕЭС (FEES 2018-07-16);19;+3.66%;0.19;0.17;-7.23%;1
АФК Система (AFKS 2018-07-17);14;+5.36%;9.04;8.89;+2.71%;9
Газпром (GAZP 2018-07-17);18;+8.12%;145.31;138.29;-0.08%;17
Сургутнефтегаз, АП (SNGSP 2018-07-17);16;+7.57%;33.40;32.90;+10.78%;20
Сургутнефтегаз (SNGS 2018-07-17);9;+1.82%;28.59;28.52;+2.13%;13
ФосАгро (PHOR 2018-07-19);16;+2.69%;2325.00;2300.00;0.00%;21
Группа Компаний ПИК (PIKK 2018-08-31);21;+7.28%;364.00;343.70;-3.76%;9
Северсталь (CHMF 2018-09-21);23;+6.25%;1115.00;1072.00;-0.53%;9
ГМК Норильский никель (GMKN 2018-09-27);23;+6.85%;11830.00;11388.00;-3.38%;14
НК Роснефть (ROSN 2018-10-05);22;+15.77%;503.00;479.45;-4.68%;1
ММК (MAGN 2018-10-05);22;+7.36%;51.80;50.73;-2.07%;1
МТС (MTSS 2018-10-05);18;+8.95%;275.10;269.90;-0.98%;7
НОВАТЭК (NVTK 2018-10-08);15;+9.86%;1180.00;1145.00;-0.85%;2
ФосАгро (PHOR 2018-10-10);8;-0.95%;2493.00;2443.00;+1.56%;19
Корпорация ВСМПО-АВИСМА (VSMO 2018-10-10);19;+3.48%;16660.00;16000.00;-3.96%;1
Татнефть им. В.Д. Шашина (TATN 2018-10-10);14;+5.20%;823.80;778.30;-0.56%;20
Татнефть им. В.Д. Шашина, АП (TATNP 2018-10-10);20;+10.14%;578.00;560.20;-2.25%;2
НЛМК (NLMK 2018-10-10);21;+4.12%;176.34;167.10;-2.86%;5
АК АЛРОСА (ALRS 2018-10-11);4;-2.13%;101.00;97.00;+2.96%;20
Полюс (PLZL 2018-10-16);14;+6.62%;4316.00;4350.00;+1.95%;20
Акрон (AKRN 2018-10-26);1;-0.75%;4502.00;4497.00;+4.18%;19
Северсталь (CHMF 2018-11-30);3;+1.65%;1002.70;978.00;-2.46%;1
ММК (MAGN 2018-12-14);17;+4.03%;46.72;44.56;-2.41%;16
Юнипро (UPRO 2018-12-14);1;+0.41%;2.71;2.56;-2.55%;16
Магнит (MGNT 2018-12-19);21;+6.38%;3675.00;3565.00;+13.06%;17
ЛУКОЙЛ (LKOH 2018-12-19);17;+6.21%;4910.00;4808.50;+5.91%;13
Детский мир (DSKY 2018-12-24);20;+5.87%;94.88;89.60;-2.23%;17
Татнефть им. В.Д. Шашина, АП (TATNP 2019-01-04);5;+9.96%;519.00;505.90;+9.63%;18
Татнефть им. В.Д. Шашина (TATN 2019-01-04);5;+5.87%;737.70;723.20;+9.54%;19
НЛМК (NLMK 2019-01-04);4;+3.11%;155.68;150.12;+1.76%;20
Ростелеком, АП (RTKMP 2019-01-10);14;+2.01%;61.00;62.20;+1.97%;1
Ростелеком (RTKM 2019-01-10);17;+0.79%;71.38;72.59;+4.16%;11
ФосАгро (PHOR 2019-01-31);15;+2.74%;2583.00;2529.00;-0.89%;18
Акрон (AKRN 2019-03-20);2;+0.17%;4700.00;4594.00;-2.21%;2
НОВАТЭК (NVTK 2019-05-02);21;+13.84%;1207.20;1199.80;+9.59%;20
НЛМК (NLMK 2019-05-02);12;+3.91%;175.08;169.50;-1.26%;19
ЦМТ, АП (WTCMP 2019-05-06);11;+4.02%;7.24;6.76;-3.04%;10
ЦМТ (WTCM 2019-05-06);5;+3.76%;7.72;7.56;-2.07%;1
Московская Биржа (MOEX 2019-05-10);9;+1.07%;91.67;86.34;-2.65%;21
Полюс (PLZL 2019-05-14);19;+3.75%;5016.50;4964.00;+14.04%;22
Детский мир (DSKY 2019-05-23);16;+1.88%;89.80;85.58;-3.12%;20
Интер РАО (IRAO 2019-05-29);13;+8.18%;4.10;3.97;+23.22%;17
ОАО МРСК Урала (MRKU 2019-05-30);9;+8.37%;0.18;0.18;+1.79%;11
Корпорация ВСМПО-АВИСМА (VSMO 2019-05-30);8;+2.92%;17600.00;16900.00;-3.98%;1
Группа Компаний ПИК (PIKK 2019-05-30);20;+6.68%;389.90;368.40;-3.85%;20
МОСКОВСКИЙ КРЕДИТНЫЙ БАНК (CBOM 2019-06-05);18;+0.66%;5.97;5.96;+2.26%;17
САФМАР Финансовые инвестиции (SFIN 2019-06-06);19;+5.18%;503.40;496.60;0.00%;15
МРСК Волги (MRKV 2019-06-06);21;+2.08%;0.11;0.10;-11.04%;1
МРСК Центра (MRKC 2019-06-06);3;+1.42%;0.30;0.29;+2.54%;8
Банк Санкт-Петербург (BSPB 2019-06-06);1;+0.50%;54.39;51.13;-4.82%;17
ФосАгро (PHOR 2019-06-06);19;+7.68%;2453.00;2405.00;+3.55%;14
Акрон (AKRN 2019-06-07);21;+2.70%;4634.00;4530.00;-0.09%;19
ММК (MAGN 2019-06-07);15;+6.23%;45.60;45.44;+3.07%;6
Сбербанк, АП (SBERP 2019-06-10);20;+10.66%;220.10;206.71;-4.41%;14
Сбербанк (SBER 2019-06-10);20;+11.05%;249.00;235.89;-1.97%;7
Магнит (MGNT 2019-06-11);13;+6.45%;3781.00;3650.00;+4.07%;18
НК Роснефть (ROSN 2019-06-13);17;+3.38%;422.00;408.00;+0.30%;19
Северсталь (CHMF 2019-06-14);19;+15.19%;1121.00;1059.60;-1.94%;4
НЛМК (NLMK 2019-06-17);20;+16.35%;182.00;175.54;-3.55%;1
ММК (MAGN 2019-06-18);16;+7.06%;47.00;46.40;-1.28%;1
ГМК Норильский никель (GMKN 2019-06-19);21;+11.30%;14868.00;14224.00;+0.23%;22
Селигдар, АП (SELGP 2019-06-20);22;+12.80%;25.55;23.85;-4.50%;2
МРСК Сибири (MRKS 2019-06-20);22;+19.59%;0.29;0.30;+2.22%;4
Банк ВТБ (VTBR 2019-06-20);21;+15.82%;0.04;0.04;+8.86%;15
Юнипро (UPRO 2019-06-21);20;+4.42%;2.60;2.60;+3.08%;6
МОЭСК (MSRS 2019-06-21);19;+11.10%;0.79;0.73;-6.70%;11
МРСК Северо-Запада (MRKZ 2019-06-21);22;+23.48%;0.07;0.07;-0.65%;3
МРСК Центра и Приволжья (MRKP 2019-06-21);11;+8.03%;0.30;0.27;-10.59%;18
ТГК-1 (TGKA 2019-06-24);15;+17.26%;0.01;0.01;+2.12%;7
ОГК-2 (OGKB 2019-06-26);21;+25.50%;0.56;0.56;+3.27%;3
Мосэнерго (MSNG 2019-06-28);22;+10.33%;2.51;2.34;-6.75%;1
Ростелеком, АП (RTKMP 2019-07-02);18;+7.33%;65.15;63.05;+0.54%;5
Ростелеком (RTKM 2019-07-02);18;+4.99%;80.66;79.19;+4.28%;13
Аэрофлот (AFLT 2019-07-03);16;+9.64%;104.60;110.60;+5.74%;1
Татнефть им. В.Д. Шашина, АП (TATNP 2019-07-03);21;+13.61%;664.50;656.10;+1.58%;18
Татнефть им. В.Д. Шашина (TATN 2019-07-03);19;+4.01%;780.00;760.50;-2.22%;2
Россети, АП (RSTIP 2019-07-04);21;+8.80%;1.67;1.62;-2.94%;1
Россети (RSTI 2019-07-04);21;+13.43%;1.40;1.35;-3.56%;1
Энел Россия (ENRU 2019-07-04);21;+2.48%;1.14;1.01;-10.99%;2
РусГидро (HYDR 2019-07-05);21;+14.33%;0.62;0.59;-4.79%;1
ЛУКОЙЛ (LKOH 2019-07-05);21;+6.86%;5460.00;5357.50;-1.58%;2
МТС (MTSS 2019-07-05);21;+9.81%;284.95;268.60;-4.91%;2
ФосАгро (PHOR 2019-07-08);19;+4.25%;2501.00;2436.00;-0.68%;23
Группа ЛСР (LSRG 2019-07-08);19;+10.49%;790.00;746.40;-1.42%;17
АК АЛРОСА (ALRS 2019-07-11);6;-2.13%;82.52;79.50;-0.63%;12
ФСК ЕЭС (FEES 2019-07-12);21;+8.34%;0.20;0.18;-8.22%;11
ТМК (TRMK 2019-07-16);12;+0.07%;60.00;58.06;-2.70%;11
ОР (OBUV 2019-07-16);10;+4.57%;58.40;58.20;+9.76%;9
Газпром (GAZP 2019-07-16);17;+3.89%;238.01;220.19;-0.38%;10
Мечел, АП (MTLRP 2019-07-16);1;-3.77%;116.15;100.50;-12.40%;10
Сургутнефтегаз, АП (SNGSP 2019-07-16);18;+2.33%;41.95;34.54;-17.65%;1
Сургутнефтегаз (SNGS 2019-07-16);21;+6.68%;26.83;26.41;+0.93%;12
АФК Система (AFKS 2019-07-16);21;+23.23%;11.57;11.62;+4.82%;12
Транснефть, АП (TRNFP 2019-07-18);21;+0.98%;160000.00;159200.00;-0.31%;3
Северсталь (CHMF 2019-09-13);20;+9.22%;1014.00;1000.00;-1.38%;1
Татнефть им. В.Д. Шашина, АП (TATNP 2019-09-25);21;+6.04%;667.00;631.90;-1.05%;22
Татнефть им. В.Д. Шашина (TATN 2019-09-25);22;+3.22%;740.00;704.90;+2.69%;21
ГМК Норильский никель (GMKN 2019-10-03);14;+6.08%;16602.00;15894.00;+9.58%;19
НОВАТЭК (NVTK 2019-10-08);17;+3.55%;1314.00;1299.20;+5.02%;21
Полюс (PLZL 2019-10-08);20;+5.19%;7680.00;7575.50;-0.83%;20
НЛМК (NLMK 2019-10-08);1;+0.12%;131.58;128.00;+1.25%;21
Корпорация ВСМПО-АВИСМА (VSMO 2019-10-09);22;+4.60%;17740.00;16960.00;+0.34%;21
НК Роснефть (ROSN 2019-10-09);18;+2.71%;421.15;409.00;+10.06%;20
АК АЛРОСА (ALRS 2019-10-10);2;+1.95%;73.20;70.60;+4.21%;19
МТС (MTSS 2019-10-10);2;+4.54%;272.75;268.00;+10.10%;20
ФосАгро (PHOR 2019-10-11);12;+2.16%;2504.00;2485.00;-0.24%;3
ММК (MAGN 2019-10-11);2;+2.96%;37.61;36.69;+4.35%;18
Распадская (RASP 2019-10-17);8;+2.56%;116.24;114.60;+1.60%;2
Северсталь (CHMF 2019-11-29);11;+3.09%;908.00;885.00;+3.33%;20
Акрон (AKRN 2019-12-09);15;+2.09%;4980.00;4894.00;-1.73%;1
Юнипро (UPRO 2019-12-12);19;+1.24%;2.69;2.70;+5.64%;17
М.видео (MVID 2019-12-12);12;+24.97%;600.00;585.00;-2.50%;1
Детский мир (DSKY 2019-12-13);16;+6.17%;98.74;94.50;+8.77%;17
ЛУКОЙЛ (LKOH 2019-12-18);11;+3.49%;6250.50;6079.00;+6.95%;18
ГМК Норильский никель (GMKN 2019-12-25);18;+16.68%;19890.00;19220.00;+9.85%;14
Татнефть им. В.Д. Шашина, АП (TATNP 2019-12-26);16;+10.28%;752.90;739.00;+3.27%;13
Татнефть им. В.Д. Шашина (TATN 2019-12-26);17;+7.46%;789.00;770.00;+5.20%;13
НЛМК (NLMK 2020-01-06);16;+6.88%;141.94;139.50;+5.82%;8
МТС (MTSS 2020-01-08);17;+8.52%;328.15;324.30;+2.53%;12
Магнит (MGNT 2020-01-08);16;+6.08%;3427.00;3348.00;+12.49%;8
ФСК ЕЭС (FEES 2020-01-09);16;+10.02%;0.21;0.21;+7.87%;19
МРСК Центра (MRKC 2020-01-09);19;+14.85%;0.33;0.31;-5.59%;1
МРСК Северо-Запада (MRKZ 2020-01-10);19;+7.93%;0.06;0.05;-0.45%;6
МРСК Сибири (MRKS 2020-01-10);19;+28.14%;0.28;0.27;-0.18%;2
МРСК Волги (MRKV 2020-01-10);19;+6.89%;0.09;0.09;+0.33%;19
МОЭСК (MSRS 2020-01-10);19;+14.33%;1.26;1.24;-0.59%;14
МРСК Центра и Приволжья (MRKP 2020-01-10);18;+13.02%;0.24;0.23;-2.59%;2
ОАО МРСК Урала (MRKU 2020-01-10);10;+4.79%;0.17;0.17;+1.52%;6
ММК (MAGN 2020-01-13);12;+9.34%;44.61;44.28;+6.55%;5
ФосАгро (PHOR 2020-01-31);17;+2.24%;2469.00;2425.00;-1.01%;2
Акрон (AKRN 2020-04-10);23;+12.16%;6034.00;5750.00;-0.60%;8
ЦМТ, АП (WTCMP 2020-05-04);19;+24.94%;10.62;9.68;-8.85%;1
ЦМТ (WTCM 2020-05-04);19;+20.73%;10.60;9.74;-8.11%;1
НОВАТЭК (NVTK 2020-05-06);13;+12.96%;1060.00;1028.00;-2.64%;2
Группа ЛСР (LSRG 2020-05-07);11;+10.82%;624.80;598.60;-4.19%;1
